step,family_id,n_agents,total_wealth,wealth_share,alpha,phase,peak_alpha,t_peak,t_half,birth_step
2000,2251,1,13177.711630604887,0.002152433584649075,-0.0020442951593689076,extinct,0.0028243130306246575,1777,-1,0
2000,2252,1,6767.823125927933,0.0011473687503773839,-0.0015006964991192884,crowding,0.0028243130306246575,1777,-1,0
2000,2253,1,15229.23606280099,0.0025818567101193817,-0.0015006964991192884,crowding,0.0028243130306246575,1777,-1,0
2000,2254,1,5817.985426512186,0.0009503036322285096,-0.0020442951593689076,extinct,0.0028243130306246575,1777,-1,0
2000,2255,1,17244.213582581662,0.0018383872320301994,0.00013243429160519687,extinct,0.001831127155068824,1,-1,0
2000,2256,2,25623.072785614007,0.003188906810200506,0.0003524754111299662,extinct,0.0021827107497403918,350,-1,0
2000,2257,1,13770.27561870666,0.002334514900139525,-0.0015006964991192884,crowding,0.0028243130306246575,1777,-1,0
2000,2258,1,15286.379072053465,0.0018009863882195586,-9.147393838731825e-05,extinct,0.0021827107497403918,350,-1,0
2000,2259,1,13185.431211445342,0.0022353645257519534,-0.0015006964991192884,crowding,0.0028243130306246575,1777,-1,0
2000,2260,1,8323.29552258789,0.0012479410841462343,0.0003923658633893332,extinct,0.002349862434340705,1165,-1,0
2000,2261,1,15405.552143995115,0.0018150269323796604,-9.147393838731825e-05,extinct,0.0021827107497403918,350,-1,0
2000,2262,1,20016.816952040113,0.0033935092311748543,-0.0015006964991192884,crowding,0.0028243130306246575,1777,-1,0
2000,2263,1,7917.7986208957855,0.0013423274427183528,-0.0015006964991192884,crowding,0.0028243130306246575,1777,-1,0
2000,2264,1,6940.992170825878,0.0011767266025185564,-0.0015006964991192884,crowding,0.0028243130306246575,1777,-1,0
2000,2265,3,8812.738408529432,0.0013846419501911157,-0.000966627963955282,extinct,0.002349862434340705,1165,-1,0
2000,2266,1,10317.500880016938,0.0015469393341791082,0.0003923658633893332,extinct,0.002349862434340705,1165,-1,0
2000,2267,4,8758.854310171339,0.0014849140613764121,-0.0015006964991192884,crowding,0.0028243130306246575,1777,-1,0
2000,2268,3,36765.61233709702,0.006232981255444756,-0.0015006964991192884,crowding,0.0028243130306246575,1777,-1,0
2000,2269,1,13910.259253198004,0.0018369000946860093,-0.0012912262270597557,extinct,0.0021827107497403918,350,-1,0
2000,2270,2,11303.63986293303,0.001916338962016124,-0.0015006964991192884,crowding,0.0028243130306246575,1777,-1,0
2000,2271,1,15277.108432835043,0.0017998941547374648,-9.147393838731825e-05,extinct,0.0021827107497403918,350,-1,0
2000,2272,1,15375.582946196557,0.0018114960689196706,-9.147393838731825e-05,extinct,0.0021827107497403918,350,-1,0
2000,2273,2,10892.07011038148,0.0018465643441084706,-0.0015006964991192884,crowding,0.0028243130306246575,1777,-1,0
2000,2274,1,16222.484851272062,0.0022598116112611537,-0.00021505888850063546,extinct,0.0021827107497403918,350,-1,0
2000,2275,1,9626.768294914964,0.001632054045028661,-0.0015006964991192884,crowding,0.0028243130306246575,1777,-1,0
2000,2276,1,11651.773042325218,0.0015386588139819496,-0.0012912262270597557,extinct,0.0021827107497403918,350,-1,0
2000,2277,1,16975.726783456877,0.0018097641405151288,0.00013243429160519687,extinct,0.001831127155068824,1,-1,0
2000,2278,1,8256.578523875996,0.0013997617855938665,-0.0015006964991192884,crowding,0.0028243130306246575,1777,-1,0
2000,2279,3,60000.0,0.010171974613063507,-0.0015006964991192884,crowding,0.0028243130306246575,1777,-1,0
2000,2280,2,40000.0,0.006781316408709004,-0.0015006964991192884,crowding,0.0028243130306246575,1777,-1,0
2000,2281,1,9470.75295014196,0.0014199834275025888,0.0003923658633893332,extinct,0.002349862434340705,1165,-1,0
2000,2282,1,11570.771525213226,0.001527962270391756,-0.0012912262270597557,extinct,0.0021827107497403918,350,-1,0
2000,2283,1,14795.837336059987,0.0025083813626903227,-0.0015006964991192884,crowding,0.0028243130306246575,1777,-1,0
2000,2284,1,6294.878108669221,0.001067189005228542,-0.0015006964991192884,crowding,0.0028243130306246575,1777,-1,0
2000,2285,2,21214.81044516344,0.00346520486820197,-0.0020442951593689076,extinct,0.0028243130306246575,1777,-1,0
2000,2286,1,10361.115050645569,0.0015256812494894825,-0.0003144033021134089,extinct,0.002349862434340705,1165,-1,0
2000,2287,1,11614.85512373357,0.0019691001908838076,-0.0015006964991192884,crowding,0.0028243130306246575,1777,-1,0
2000,2288,1,8934.062304055004,0.001514617582472919,-0.0015006964991192884,crowding,0.0028243130306246575,1777,-1,0
2000,2289,1,9970.840621991925,0.0016903856279634033,-0.0015006964991192884,crowding,0.0028243130306246575,1777,-1,0
2000,2290,1,8462.19297555462,0.0013295648686479876,-0.000966627963955282,extinct,0.002349862434340705,1165,-1,0
2000,2291,2,30079.275433026698,0.005099427101401539,-0.0015006964991192884,crowding,0.0028243130306246575,1777,-1,0
2000,2292,1,10198.583239972837,0.001728995496770311,-0.0015006964991192884,crowding,0.0028243130306246575,1777,-1,0
2000,2293,1,8446.215072477817,0.0014319114215619782,-0.0015006964991192884,crowding,0.0028243130306246575,1777,-1,0
2000,2294,1,7430.327513546584,0.0012596850472423855,-0.0015006964991192884,crowding,0.0028243130306246575,1777,-1,0
2000,2295,1,15318.641998277946,0.0018047874905408171,-9.147393838731825e-05,extinct,0.0021827107497403918,350,-1,0
2000,2296,1,13141.541227581352,0.0017353880963587721,-0.0012912262270597557,extinct,0.0021827107497403918,350,-1,0
2000,2297,3,27698.41641144132,0.004695793142654045,-0.0015006964991192884,crowding,0.0028243130306246575,1777,-1,0
2000,2298,1,13241.67772044742,0.002080509100882536,-0.000966627963955282,extinct,0.002349862434340705,1165,-1,0
2000,2299,1,15834.560787384016,0.002684479172304685,-0.0015006964991192884,crowding,0.0028243130306246575,1777,-1,0
2000,2300,1,10619.33226414277,0.0015637039100817472,-0.0003144033021134089,extinct,0.002349862434340705,1165,-1,0
2000,2301,1,5866.667353065235,0.0009945931896444674,-0.0015006964991192884,crowding,0.0028243130306246575,1777,-1,0
2000,2302,2,15391.294667787082,0.0018133471676387758,-9.147393838731825e-05,extinct,0.0021827107497403918,350,-1,0
2000,2303,1,10481.258336997507,0.0014600518667593305,-0.00021505888850063546,extinct,0.0021827107497403918,350,-1,0
2000,2304,1,9985.326617418024,0.0016928414809253907,-0.0015006964991192884,crowding,0.0028243130306246575,1777,-1,0
2000,2305,2,27355.066482842696,0.0034044612264303143,0.0003524754111299662,extinct,0.0021827107497403918,350,-1,0
2000,2306,1,18136.568223972557,0.0030747451923723856,-0.0015006964991192884,crowding,0.0028243130306246575,1777,-1,0
2000,2307,2,9753.819862650813,0.0015931786974475737,-0.0020442951593689076,extinct,0.0028243130306246575,1777,-1,0
2000,2308,1,7341.999379767314,0.001153562022181862,-0.000966627963955282,extinct,0.002349862434340705,1165,-1,0
2000,2309,1,17094.19149036547,0.0018223935366649734,0.00013243429160519687,extinct,0.001831127155068824,1,-1,0
2000,2310,1,9318.034199696833,0.0015797134553828952,-0.0015006964991192884,crowding,0.0028243130306246575,1777,-1,0
2000,2311,1,10963.820674257726,0.0018587284260121733,-0.0015006964991192884,crowding,0.0028243130306246575,1777,-1,0
2000,2312,1,19759.004990759804,0.003349801619090064,-0.0015006964991192884,crowding,0.0028243130306246575,1777,-1,0
2000,2313,1,15233.61148238559,0.0025825984877349824,-0.0015006964991192884,crowding,0.0028243130306246575,1777,-1,0
2000,2314,1,14538.756421473152,0.002464797687078982,-0.0015006964991192884,crowding,0.0028243130306246575,1777,-1,0
2000,2315,1,13928.42872995508,0.0017334556867544637,0.0003524754111299662,extinct,0.0021827107497403918,350,-1,0
2000,2316,1,17229.878243237676,0.0018368589567806153,0.00013243429160519687,extinct,0.001831127155068824,1,-1,0
2000,2317,1,13722.490417373161,0.002326413735892117,-0.0015006964991192884,crowding,0.0028243130306246575,1777,-1,0
2000,2318,1,10037.43097758521,0.0017016748847395661,-0.0015006964991192884,crowding,0.0028243130306246575,1777,-1,0
2000,2319,1,7301.293106152195,0.0012378094686385952,-0.0015006964991192884,crowding,0.0028243130306246575,1777,-1,0
2000,2320,1,15031.046894153229,0.0025482571235848953,-0.0015006964991192884,crowding,0.0028243130306246575,1777,-1,0
2000,2321,1,13757.550635827694,0.0023323575967595833,-0.0015006964991192884,crowding,0.0028243130306246575,1777,-1,0
2000,2322,1,5872.201658639035,0.0009955314365744279,-0.0015006964991192884,crowding,0.0028243130306246575,1777,-1,0
2000,2323,3,46617.245890016304,0.007903157362069748,-0.0015006964991192884,crowding,0.0028243130306246575,1777,-1,0
2000,2324,1,11167.742962485096,0.0016444577590053904,-0.0003144033021134089,extinct,0.002349862434340705,1165,-1,0
2000,2325,1,14008.8333088841,0.0017434623987309448,0.0003524754111299662,extinct,0.0021827107497403918,350,-1,0
2000,2326,2,30862.45599105151,0.005232201980629428,-0.0015006964991192884,crowding,0.0028243130306246575,1777,-1,0
2000,2327,2,8479.702515366593,0.0014375886452106623,-0.0015006964991192884,crowding,0.0028243130306246575,1777,-1,0
2000,2328,1,16978.55070873292,0.0018100651961792111,0.00013243429160519687,extinct,0.001831127155068824,1,-1,0
2000,2329,1,10828.935583604376,0.0018358609640487292,-0.0015006964991192884,crowding,0.0028243130306246575,1777,-1,0
2000,2330,1,12063.548189897463,0.0020451684321850867,-0.0015006964991192884,crowding,0.0028243130306246575,1777,-1,0
2000,2331,1,14028.864874848965,0.002378354289284367,-0.0015006964991192884,crowding,0.0028243130306246575,1777,-1,0
2000,2332,2,40000.0,0.006781316408709004,-0.0015006964991192884,crowding,0.0028243130306246575,1777,-1,0
2000,2333,1,14196.556268670976,0.0024067834992974792,-0.0015006964991192884,crowding,0.0028243130306246575,1777,-1,0
2000,2334,2,10854.200854674915,0.0018401442589807574,-0.0015006964991192884,crowding,0.0028243130306246575,1777,-1,0
2000,2335,1,8471.72768959759,0.001436236649789564,-0.0015006964991192884,crowding,0.0028243130306246575,1777,-1,0
2000,2336,2,7842.052272641187,0.0012321294527227993,-0.000966627963955282,extinct,0.002349862434340705,1165,-1,0
2000,2337,1,12391.023286497055,0.0017260844164719747,-0.00021505888850063546,extinct,0.0021827107497403918,350,-1,0
2000,2338,1,7912.369332660764,0.001186329469663718,0.0003923658633893332,extinct,0.002349862434340705,1165,-1,0
2000,2339,1,8275.492247799053,0.0014029682842535969,-0.0015006964991192884,crowding,0.0028243130306246575,1777,-1,0
2000,2340,1,7536.447770688027,0.0011299662226386573,0.0003923658633893332,extinct,0.002349862434340705,1165,-1,0
2000,2341,1,12967.734319103558,0.002198457738047896,-0.0015006964991192884,crowding,0.0028243130306246575,1777,-1,0
2000,2342,1,9549.439349137698,0.0015003911055415323,-0.000966627963955282,extinct,0.002349862434340705,1165,-1,0
2000,2343,3,60000.0,0.010171974613063507,-0.0015006964991192884,crowding,0.0028243130306246575,1777,-1,0
2000,2344,2,26092.16578057518,0.004423480798664251,-0.0015006964991192884,crowding,0.0028243130306246575,1777,-1,0
2000,2345,1,12965.581769776758,0.0019091907481172642,-0.0003144033021134089,extinct,0.002349862434340705,1165,-1,0
2000,2346,1,7313.331128097918,0.0011490577169296302,-0.000966627963955282,extinct,0.002349862434340705,1165,-1,0
2000,2347,1,5487.487026010871,0.0008963203704260826,-0.0020442951593689076,extinct,0.0028243130306246575,1777,-1,0
2000,2348,2,19901.521288288804,0.0033739628217636106,-0.0015006964991192884,crowding,0.0028243130306246575,1777,-1,0
2000,2349,1,15032.564854681455,0.001771082906926249,-9.147393838731825e-05,extinct,0.0021827107497403918,350,-1,0
2000,2350,1,8133.205118659656,0.0013788459331640697,-0.0015006964991192884,crowding,0.0028243130306246575,1777,-1,0
2000,2351,1,11697.665096293953,0.0019831392065270195,-0.0015006964991192884,crowding,0.0028243130306246575,1777,-1,0
2000,2352,3,43094.83001763575,0.007305991948227966,-0.0015006964991192884,crowding,0.0028243130306246575,1777,-1,0
2000,2353,1,20000.0,0.003390658204354502,-0.0015006964991192884,crowding,0.0028243130306246575,1777,-1,0
2000,2354,1,9804.559295022038,0.0014700321913358615,0.0003923658633893332,extinct,0.002349862434340705,1165,-1,0
2000,2355,1,20074.36653824355,0.0034032657800057487,-0.0015006964991192884,crowding,0.0028243130306246575,1777,-1,0
2000,2356,1,16867.10584564577,0.0028595295409627303,-0.0015006964991192884,crowding,0.0028243130306246575,1777,-1,0
2000,2357,2,16925.477700103704,0.002492288121449983,-0.0003144033021134089,extinct,0.002349862434340705,1165,-1,0
2000,2358,3,6062.512587275552,0.0010277954021524144,-0.0015006964991192884,crowding,0.0028243130306246575,1777,-1,0
2000,2359,1,8868.92810078734,0.0015035751914382392,-0.0015006964991192884,crowding,0.0028243130306246575,1777,-1,0
2000,2360,2,18397.19538455043,0.0027583564576243278,0.0003923658633893332,extinct,0.002349862434340705,1165,-1,0
2000,2361,1,20016.816952040113,0.0033935092311748543,-0.0015006964991192884,crowding,0.0028243130306246575,1777,-1,0
2000,2362,6,64223.70903572048,0.0108880322978021,-0.0015006964991192884,crowding,0.0028243130306246575,1777,-1,0
2000,2363,1,9973.61878659722,0.001690856618294003,-0.0015006964991192884,crowding,0.0028243130306246575,1777,-1,0
2000,2364,1,11977.885941898478,0.0017637518646161112,-0.0003144033021134089,extinct,0.002349862434340705,1165,-1,0
2000,2365,2,19343.45965733259,0.0032793530093867536,-0.0015006964991192884,crowding,0.0028243130306246575,1777,-1,0
2000,2366,2,11779.009874167043,0.001996929823450859,-0.0015006964991192884,crowding,0.0028243130306246575,1777,-1,0
2000,2367,1,5577.230039006799,0.000910978899962532,-0.0020442951593689076,extinct,0.0028243130306246575,1777,-1,0
2000,2368,1,10339.445338029294,0.0017528762581931966,-0.0015006964991192884,crowding,0.0028243130306246575,1777,-1,0
2000,2369,1,10196.96606219679,0.0014204496116500505,-0.00021505888850063546,extinct,0.0021827107497403918,350,-1,0
2000,2370,1,11235.611006468698,0.0019048058320009417,-0.0015006964991192884,crowding,0.0028243130306246575,1777,-1,0
2000,2371,1,19525.55296796072,0.0033102238182687207,-0.0015006964991192884,crowding,0.0028243130306246575,1777,-1,0
2000,2372,1,10148.674352900001,0.0017205342978991254,-0.0015006964991192884,crowding,0.0028243130306246575,1777,-1,0
2000,2373,1,15212.547010830178,0.0017922877594173702,-9.147393838731825e-05,extinct,0.0021827107497403918,350,-1,0
2000,2374,1,12446.716309630036,0.0016436339504192173,-0.0012912262270597557,extinct,0.0021827107497403918,350,-1,0
2000,2375,2,17783.22608290257,0.0030148420708942286,-0.0015006964991192884,crowding,0.0028243130306246575,1777,-1,0
2000,2376,1,16027.32320178932,0.0027171587453994114,-0.0015006964991192884,crowding,0.0028243130306246575,1777,-1,0
2000,2377,1,8952.154529270307,0.001517684810065984,-0.0015006964991192884,crowding,0.0028243130306246575,1777,-1,0
2000,2378,1,9285.89966451695,0.0012935369689210093,-0.00021505888850063546,extinct,0.0021827107497403918,350,-1,0
2000,2379,3,12468.716420635,0.0021138577814697884,-0.0015006964991192884,crowding,0.0028243130306246575,1777,-1,0
2000,2380,1,12829.29286929765,0.0015966632785717118,0.0003524754111299662,extinct,0.0021827107497403918,350,-1,0
2000,2381,1,11037.885446535443,0.0018712848424010278,-0.0015006964991192884,crowding,0.0028243130306246575,1777,-1,0
2000,2382,1,10591.144882542321,0.001795547614474966,-0.0015006964991192884,crowding,0.0028243130306246575,1777,-1,0
2000,2383,2,7834.9456753100785,0.0012310128766562449,-0.000966627963955282,extinct,0.002349862434340705,1165,-1,0
2000,2384,1,10422.709126516658,0.0015627135780277952,0.0003923658633893332,extinct,0.002349862434340705,1165,-1,0
2000,2385,3,49818.27032765271,0.008445836350660305,-0.0015006964991192884,crowding,0.0028243130306246575,1777,-1,0
2000,2386,1,14069.116522192338,0.0017509649161326574,0.0003524754111299662,extinct,0.0021827107497403918,350,-1,0
2000,2387,1,11179.279271458787,0.001826011740928846,-0.0020442951593689076,extinct,0.0028243130306246575,1777,-1,0
2000,2388,1,10743.46277546215,0.0014965772597554689,-0.00021505888850063546,extinct,0.0021827107497403918,350,-1,0
2000,2389,1,10218.756901270233,0.0017324155962798052,-0.0015006964991192884,crowding,0.0028243130306246575,1777,-1,0
2000,2390,1,13453.211865763205,0.001776545332494071,-0.0012912262270597557,extinct,0.0021827107497403918,350,-1,0
2000,2391,1,15339.171302504812,0.002600494351241854,-0.0015006964991192884,crowding,0.0028243130306246575,1777,-1,0
2000,2392,1,9886.28460580768,0.0014822855557234701,0.0003923658633893332,extinct,0.002349862434340705,1165,-1,0
2000,2393,1,16967.34411779493,0.0018088704734627288,0.00013243429160519687,extinct,0.001831127155068824,1,-1,0
2000,2394,1,16505.76565955398,0.0027982704876359753,-0.0015006964991192884,crowding,0.0028243130306246575,1777,-1,0
2000,2395,1,15688.628696058318,0.0026597388801680804,-0.0015006964991192884,crowding,0.0028243130306246575,1777,-1,0
2000,2396,2,19232.957789393782,0.0028836652657470738,0.0003923658633893332,extinct,0.002349862434340705,1165,-1,0
2000,2397,1,8905.510106371436,0.0013992180760974702,-0.000966627963955282,extinct,0.002349862434340705,1165,-1,0
2000,2398,1,12348.732106903622,0.002093516491582431,-0.0015006964991192884,crowding,0.0028243130306246575,1777,-1,0
2000,2399,2,32530.208517780567,0.005514940920008769,-0.0015006964991192884,crowding,0.0028243130306246575,1777,-1,0
2000,2400,1,16567.558434569408,0.0028087463966147697,-0.0015006964991192884,crowding,0.0028243130306246575,1777,-1,0
2000,2401,2,40000.0,0.006781316408709004,-0.0015006964991192884,crowding,0.0028243130306246575,1777,-1,0
2000,2402,1,15342.220125272395,0.00180756538094747,-9.147393838731825e-05,extinct,0.0021827107497403918,350,-1,0
2000,2403,1,11359.875403585416,0.0015001126740085704,-0.0012912262270597557,extinct,0.0021827107497403918,350,-1,0
2000,2404,1,14668.789131302987,0.001937066711249455,-0.0012912262270597557,extinct,0.0021827107497403918,350,-1,0
2000,2405,1,6498.503156969759,0.0010614586839587479,-0.0020442951593689076,extinct,0.0028243130306246575,1777,-1,0
2000,2406,2,40000.0,0.006781316408709004,-0.0015006964991192884,crowding,0.0028243130306246575,1777,-1,0
2000,2407,1,6748.199115678397,0.0011440418348096376,-0.0015006964991192884,crowding,0.0028243130306246575,1777,-1,0
2000,2408,3,15788.915914845273,0.0026767408642266745,-0.0015006964991192884,crowding,0.0028243130306246575,1777,-1,0
2000,2409,1,12407.07386682139,0.0016383990223259796,-0.0012912262270597557,extinct,0.0021827107497403918,350,-1,0
2000,2410,1,17194.598980400122,0.0018330978721683537,0.00013243429160519687,extinct,0.001831127155068824,1,-1,0
2000,2411,1,16466.214441747416,0.002791565254578573,-0.0015006964991192884,crowding,0.0028243130306246575,1777,-1,0
2000,2412,1,8116.450457663835,0.0013760054667257366,-0.0015006964991192884,crowding,0.0028243130306246575,1777,-1,0
2000,2413,1,16979.6449860877,0.0018101818559217789,0.00013243429160519687,extinct,0.001831127155068824,1,-1,0
2000,2414,1,13001.748267371828,0.002204224221685811,-0.0015006964991192884,crowding,0.0028243130306246575,1777,-1,0
2000,2415,1,12267.309534904967,0.0020797126859940867,-0.0015006964991192884,crowding,0.0028243130306246575,1777,-1,0
2000,2416,1,8317.373172976872,0.001247053125359452,0.0003923658633893332,extinct,0.002349862434340705,1165,-1,0
2000,2417,1,19094.997884910958,0.0032372305620302602,-0.0015006964991192884,crowding,0.0028243130306246575,1777,-1,0
2000,2418,1,15094.000611438385,0.001778321047570784,-9.147393838731825e-05,extinct,0.0021827107497403918,350,-1,0
2000,2419,2,29149.94419376095,0.0049418748718525725,-0.0015006964991192884,crowding,0.0028243130306246575,1777,-1,0
2000,2420,1,9984.95298443067,0.0016927781378376912,-0.0015006964991192884,crowding,0.0028243130306246575,1777,-1,0
2000,2421,1,13228.953098112665,0.0017469311503258457,-0.0012912262270597557,extinct,0.0021827107497403918,350,-1,0
2000,2422,1,7620.579604499657,0.00119733205684949,-0.000966627963955282,extinct,0.002349862434340705,1165,-1,0
2000,2423,2,25169.929856980598,0.0042671314586299304,-0.0015006964991192884,crowding,0.0028243130306246575,1777,-1,0
2000,2424,1,20000.0,0.003390658204354502,-0.0015006964991192884,crowding,0.0028243130306246575,1777,-1,0
2000,2425,1,8274.148324108999,0.0012183739773067553,-0.0003144033021134089,extinct,0.002349862434340705,1165,-1,0
2000,2426,1,12085.899293184426,0.0019740981035675136,-0.0020442951593689076,extinct,0.0028243130306246575,1777,-1,0
2000,2427,1,17441.01465042384,0.002956825970836333,-0.0015006964991192884,crowding,0.0028243130306246575,1777,-1,0
2000,2428,1,15953.739974233577,0.002704683966688673,-0.0015006964991192884,crowding,0.0028243130306246575,1777,-1,0
2000,2429,1,15294.162181303815,0.0018019033662528673,-9.147393838731825e-05,extinct,0.0021827107497403918,350,-1,0
2000,2430,2,26704.17292855095,0.004527236151534633,-0.0015006964991192884,crowding,0.0028243130306246575,1777,-1,0
2000,2431,4,45673.99814529361,0.007743245826850605,-0.0015006964991192884,crowding,0.0028243130306246575,1777,-1,0
2000,2432,1,13137.374536670379,0.0018300520414495194,-0.00021505888850063546,extinct,0.0021827107497403918,350,-1,0
2000,2433,1,15389.428837653913,0.001813127342220557,-9.147393838731825e-05,extinct,0.0021827107497403918,350,-1,0
2000,2434,1,16317.485067643192,0.0027663507309518233,-0.0015006964991192884,crowding,0.0028243130306246575,1777,-1,0
2000,2435,1,8818.798635709323,0.0013222336153327677,0.0003923658633893332,extinct,0.002349862434340705,1165,-1,0
2000,2436,1,11445.923526127748,0.0019404607255139631,-0.0015006964991192884,crowding,0.0028243130306246575,1777,-1,0
2000,2437,1,10086.67670392107,0.0014852700159792077,-0.0003144033021134089,extinct,0.002349862434340705,1165,-1,0
2000,2438,2,11031.92775122926,0.0018702748169775799,-0.0015006964991192884,crowding,0.0028243130306246575,1777,-1,0
2000,2439,1,8608.534879491755,0.0014594299708310307,-0.0015006964991192884,crowding,0.0028243130306246575,1777,-1,0
2000,2440,1,11816.225438878664,0.002003239086441816,-0.0015006964991192884,crowding,0.0028243130306246575,1777,-1,0
2000,2441,1,12828.647561137515,0.0015965829670648232,0.0003524754111299662,extinct,0.0021827107497403918,350,-1,0
2000,2442,1,15855.811227623924,0.0026880818212819645,-0.0015006964991192884,crowding,0.0028243130306246575,1777,-1,0
2000,2443,1,15828.24591011975,0.002683408592784406,-0.0015006964991192884,crowding,0.0028243130306246575,1777,-1,0
2000,2444,2,16394.692606887507,0.0027794399497706613,-0.0015006964991192884,crowding,0.0028243130306246575,1777,-1,0
2000,2445,1,12729.066061252077,0.00215799561371774,-0.0015006964991192884,crowding,0.0028243130306246575,1777,-1,0
2000,2446,1,15277.515583145214,0.0017999421237275782,-9.147393838731825e-05,extinct,0.0021827107497403918,350,-1,0
2000,2447,1,11635.349751675796,0.0019725747048026827,-0.0015006964991192884,crowding,0.0028243130306246575,1777,-1,0
2000,2448,1,16805.026639631415,0.002849005072503111,-0.0015006964991192884,crowding,0.0028243130306246575,1777,-1,0
2000,2449,1,15306.268209131167,0.0018033296550574104,-9.147393838731825e-05,extinct,0.0021827107497403918,350,-1,0
2000,2450,1,14883.643254005883,0.0017535374977443645,-9.147393838731825e-05,extinct,0.0021827107497403918,350,-1,0
2000,2451,2,24059.291625566613,0.003542747081728354,-0.0003144033021134089,extinct,0.002349862434340705,1165,-1,0
2000,2452,3,33602.54486237493,0.005696737221240089,-0.0015006964991192884,crowding,0.0028243130306246575,1777,-1,0
2000,2453,3,39482.310342094715,0.006693550974414703,-0.0015006964991192884,crowding,0.0028243130306246575,1777,-1,0
2000,2454,2,29167.32750163657,0.004944821914625937,-0.0015006964991192884,crowding,0.0028243130306246575,1777,-1,0
2000,2455,1,16996.630610522374,0.0028814882512975277,-0.0015006964991192884,crowding,0.0028243130306246575,1777,-1,0
2000,2456,2,33600.85923045697,0.005696451451155481,-0.0015006964991192884,crowding,0.0028243130306246575,1777,-1,0
2000,2457,2,14048.331555463057,0.0017483781334111873,0.0003524754111299662,extinct,0.0021827107497403918,350,-1,0
2000,2458,1,10118.397781838425,0.0014095049558924134,-0.00021505888850063546,extinct,0.0021827107497403918,350,-1,0
2000,2459,1,20000.0,0.003390658204354502,-0.0015006964991192884,crowding,0.0028243130306246575,1777,-1,0
2000,2460,1,12059.015368257387,0.002044399969740947,-0.0015006964991192884,crowding,0.0028243130306246575,1777,-1,0
2000,2461,1,8075.084888038988,0.00126874312716595,-0.000966627963955282,extinct,0.002349862434340705,1165,-1,0
2000,2462,1,18486.244236911116,0.00313402678447919,-0.0015006964991192884,crowding,0.0028243130306246575,1777,-1,0
2000,2463,3,25857.08828288998,0.003807473864228682,-0.0003144033021134089,extinct,0.002349862434340705,1165,-1,0
2000,2464,2,14044.751542981296,0.002381047602366504,-0.0015006964991192884,crowding,0.0028243130306246575,1777,-1,0
2000,2465,1,9122.044138241597,0.0015464866898906382,-0.0015006964991192884,crowding,0.0028243130306246575,1777,-1,0
2000,2466,1,15741.670088670966,0.0018546271438060688,-9.147393838731825e-05,extinct,0.0021827107497403918,350,-1,0
2000,2467,1,10420.039756538248,0.001766539664510325,-0.0015006964991192884,crowding,0.0028243130306246575,1777,-1,0
2000,2468,1,10068.378224183994,0.0017069214615186836,-0.0015006964991192884,crowding,0.0028243130306246575,1777,-1,0
2000,2469,1,9187.03108814479,0.0012797644575626677,-0.00021505888850063546,extinct,0.0021827107497403918,350,-1,0
2000,2470,1,12416.585094703052,0.001639655014401928,-0.0012912262270597557,extinct,0.0021827107497403918,350,-1,0
2000,2471,1,12118.846640865873,0.0016003375736490218,-0.0012912262270597557,extinct,0.0021827107497403918,350,-1,0
2000,2472,1,12280.64593526777,0.001841280603444088,0.0003923658633893332,extinct,0.002349862434340705,1165,-1,0
2000,2473,1,15426.40924268502,0.001817484240985002,-9.147393838731825e-05,extinct,0.0021827107497403918,350,-1,0
2000,2474,1,20073.180724011352,0.0034030647454679867,-0.0015006964991192884,crowding,0.0028243130306246575,1777,-1,0
2000,2475,2,40000.0,0.006781316408709004,-0.0015006964991192884,crowding,0.0028243130306246575,1777,-1,0
2000,2476,1,13241.540420739357,0.002244876883293583,-0.0015006964991192884,crowding,0.0028243130306246575,1777,-1,0
2000,2477,2,18254.437281701783,0.002687978325164809,-0.0003144033021134089,extinct,0.002349862434340705,1165,-1,0
2000,2478,1,17244.56090672573,0.0018384242598870378,0.00013243429160519687,extinct,0.001831127155068824,1,-1,0
2000,2479,1,5930.6848641998795,0.0010054462646120193,-0.0015006964991192884,crowding,0.0028243130306246575,1777,-1,0
2000,2480,1,15753.850077797979,0.0026707960508228264,-0.0015006964991192884,crowding,0.0028243130306246575,1777,-1,0
2000,2481,3,18776.64805354406,0.0030669579825771884,-0.0020442951593689076,extinct,0.0028243130306246575,1777,-1,0
2000,2482,1,9194.748667690756,0.0012808395256566558,-0.00021505888850063546,extinct,0.0021827107497403918,350,-1,0
2000,2483,1,19819.14706194521,0.0033599976794446472,-0.0015006964991192884,crowding,0.0028243130306246575,1777,-1,0
2000,2484,2,23278.500633849082,0.003074010285511753,-0.0012912262270597557,extinct,0.0021827107497403918,350,-1,0
2000,2485,5,73613.67935958339,0.012479941293664655,-0.0015006964991192884,crowding,0.0028243130306246575,1777,-1,0
2000,2486,1,15738.031934255232,0.002668114354913783,-0.0015006964991192884,crowding,0.0028243130306246575,1777,-1,0
2000,2487,1,19680.994804293197,0.0033365763251517527,-0.0015006964991192884,crowding,0.0028243130306246575,1777,-1,0
2000,2488,2,16258.299517874833,0.0027563168324567576,-0.0015006964991192884,crowding,0.0028243130306246575,1777,-1,0
2000,2489,1,8828.939103159037,0.0013237540114197025,0.0003923658633893332,extinct,0.002349862434340705,1165,-1,0
2000,2490,1,15379.180918317066,0.0018119199690979724,-9.147393838731825e-05,extinct,0.0021827107497403918,350,-1,0
2000,2491,1,7467.399408030059,0.0012659699534014535,-0.0015006964991192884,crowding,0.0028243130306246575,1777,-1,0
2000,2492,2,24699.508761069093,0.004187379601212241,-0.0015006964991192884,crowding,0.0028243130306246575,1777,-1,0
2000,2493,2,10423.172123082342,0.001451960387441389,-0.00021505888850063546,extinct,0.0021827107497403918,350,-1,0
2000,2494,1,9976.962291248794,0.0013898028222914809,-0.00021505888850063546,extinct,0.0021827107497403918,350,-1,0
2000,2495,2,33408.03316799533,0.005663761087620535,-0.0015006964991192884,crowding,0.0028243130306246575,1777,-1,0
2000,2496,1,14909.327010257932,0.002527621597436762,-0.0015006964991192884,crowding,0.0028243130306246575,1777,-1,0
2000,2497,1,13228.884934595682,0.001746922149086651,-0.0012912262270597557,extinct,0.0021827107497403918,350,-1,0
2000,2498,1,20000.0,0.003390658204354502,-0.0015006964991192884,crowding,0.0028243130306246575,1777,-1,0
2000,2499,1,10354.658347420167,0.0017554553639484009,-0.0015006964991192884,crowding,0.0028243130306246575,1777,-1,0
2000,2500,1,8309.229669469702,0.0012458321411269557,0.0003923658633893332,extinct,0.002349862434340705,1165,-1,0
2000,2501,4,19029.32940004761,0.003226097592681788,-0.0015006964991192884,crowding,0.0028243130306246575,1777,-1,0
2000,2502,1,20000.0,0.003390658204354502,-0.0015006964991192884,crowding,0.0028243130306246575,1777,-1,0
2000,2503,1,8347.999804871486,0.0014152607014168643,-0.0015006964991192884,crowding,0.0028243130306246575,1777,-1,0
2000,2504,1,10098.909719686622,0.0017120975548045436,-0.0015006964991192884,crowding,0.0028243130306246575,1777,-1,0
2000,2505,2,18176.64882703495,0.0026765239222234427,-0.0003144033021134089,extinct,0.002349862434340705,1165,-1,0
2000,2506,2,7476.408554689114,0.0012674973002531414,-0.0015006964991192884,crowding,0.0028243130306246575,1777,-1,0
2000,2507,1,16262.716427994063,0.0027570656440834406,-0.0015006964991192884,crowding,0.0028243130306246575,1777,-1,0
2000,2508,1,9878.459999839191,0.0016747240722421264,-0.0015006964991192884,crowding,0.0028243130306246575,1777,-1,0
2000,2509,3,55051.53980204482,0.009333047754607584,-0.0015006964991192884,crowding,0.0028243130306246575,1777,-1,0
2000,2510,2,40000.0,0.006781316408709004,-0.0015006964991192884,crowding,0.0028243130306246575,1777,-1,0
2000,2511,1,12912.751753961942,0.002189136383768202,-0.0015006964991192884,crowding,0.0028243130306246575,1777,-1,0
2000,2512,1,20000.0,0.003390658204354502,-0.0015006964991192884,crowding,0.0028243130306246575,1777,-1,0
2000,2513,2,11096.103403842684,0.0016339087851924205,-0.0003144033021134089,extinct,0.002349862434340705,1165,-1,0
2000,2514,1,9607.66365191548,0.001628815179302288,-0.0015006964991192884,crowding,0.0028243130306246575,1777,-1,0
2000,2515,1,20000.0,0.003390658204354502,-0.0015006964991192884,crowding,0.0028243130306246575,1777,-1,0
2000,2516,2,17959.43495126947,0.002692721490294091,0.0003923658633893332,extinct,0.002349862434340705,1165,-1,0
2000,2517,2,20572.950835920186,0.003360364193410129,-0.0020442951593689076,extinct,0.0028243130306246575,1777,-1,0
2000,2518,1,17085.846964389886,0.0018215039356438893,0.00013243429160519687,extinct,0.001831127155068824,1,-1,0
2000,2519,1,18213.240435254942,0.0030877436554839167,-0.0015006964991192884,crowding,0.0028243130306246575,1777,-1,0
2000,2520,1,10123.278435580864,0.001716228854128363,-0.0015006964991192884,crowding,0.0028243130306246575,1777,-1,0
2000,2521,1,7372.501708970205,0.0011053852107730554,0.0003923658633893332,extinct,0.002349862434340705,1165,-1,0
2000,2522,1,15465.256799307137,0.0018220611208570922,-9.147393838731825e-05,extinct,0.0021827107497403918,350,-1,0
2000,2523,3,60050.45085612034,0.010180527693524562,-0.0015006964991192884,crowding,0.0028243130306246575,1777,-1,0
2000,2524,1,9654.635693841532,0.0013449023403913783,-0.00021505888850063546,extinct,0.0021827107497403918,350,-1,0
2000,2525,2,9884.636426135954,0.001675771179766962,-0.0015006964991192884,crowding,0.0028243130306246575,1777,-1,0
2000,2526,1,9648.12133296508,0.0016356740877112872,-0.0015006964991192884,crowding,0.0028243130306246575,1777,-1,0
2000,2527,1,7578.530039156798,0.0011907253031411677,-0.000966627963955282,extinct,0.002349862434340705,1165,-1,0
2000,2528,2,9883.852968179215,0.0015529335848680442,-0.000966627963955282,extinct,0.002349862434340705,1165,-1,0
2000,2529,1,9415.17550690989,0.0013115452489331943,-0.00021505888850063546,extinct,0.0021827107497403918,350,-1,0
2000,2530,1,20000.0,0.003390658204354502,-0.0015006964991192884,crowding,0.0028243130306246575,1777,-1,0
2000,2531,1,13154.63255922779,0.0022301431406107283,-0.0015006964991192884,crowding,0.0028243130306246575,1777,-1,0
2000,2532,1,17092.116745753927,0.0018221723503530944,0.00013243429160519687,extinct,0.001831127155068824,1,-1,0
2000,2533,2,30790.417979529328,0.005219989166889774,-0.0015006964991192884,crowding,0.0028243130306246575,1777,-1,0
2000,2534,2,37972.969189608935,0.006437667976322413,-0.0015006964991192884,crowding,0.0028243130306246575,1777,-1,0
2000,2535,3,60000.0,0.010171974613063507,-0.0015006964991192884,crowding,0.0028243130306246575,1777,-1,0
2000,2536,1,14326.394837249067,0.0024287954096870266,-0.0015006964991192884,crowding,0.0028243130306246575,1777,-1,0
2000,2537,3,45363.26721169652,0.007690566707383219,-0.0015006964991192884,crowding,0.0028243130306246575,1777,-1,0
2000,2538,1,9171.472970070394,0.0015548665035992365,-0.0015006964991192884,crowding,0.0028243130306246575,1777,-1,0
2000,2539,3,48941.37545284684,0.00829717381057946,-0.0015006964991192884,crowding,0.0028243130306246575,1777,-1,0
2000,2540,1,8092.620492309656,0.0013719655033488552,-0.0015006964991192884,crowding,0.0028243130306246575,1777,-1,0
2000,2541,1,15378.891838625068,0.002607228289325729,-0.0015006964991192884,crowding,0.0028243130306246575,1777,-1,0
2000,2542,2,40000.0,0.006781316408709004,-0.0015006964991192884,crowding,0.0028243130306246575,1777,-1,0
2000,2543,1,13752.78936714101,0.0023315504050228013,-0.0015006964991192884,crowding,0.0028243130306246575,1777,-1,0
2000,2544,1,17346.381069558433,0.0018492791989318635,0.00013243429160519687,extinct,0.001831127155068824,1,-1,0
2000,2545,1,14218.25161034917,0.0017695254495332488,0.0003524754111299662,extinct,0.0021827107497403918,350,-1,0
2000,2546,2,40000.0,0.006781316408709004,-0.0015006964991192884,crowding,0.0028243130306246575,1777,-1,0
2000,2547,1,8052.463058242707,0.0011857306708897284,-0.0003144033021134089,extinct,0.002349862434340705,1165,-1,0
2000,2548,2,5029.484488645656,0.000852663142255005,-0.0015006964991192884,crowding,0.0028243130306246575,1777,-1,0
2000,2549,2,32680.115712838946,0.0055403551230495925,-0.0015006964991192884,crowding,0.0028243130306246575,1777,-1,0
2000,2550,1,17086.85157123193,0.0018216110357086607,0.00013243429160519687,extinct,0.001831127155068824,1,-1,0
2000,2551,2,18296.672360729215,0.0031018881126146382,-0.0015006964991192884,crowding,0.0028243130306246575,1777,-1,0
2000,2552,1,7649.081585003908,0.001296771061598522,-0.0015006964991192884,crowding,0.0028243130306246575,1777,-1,0
2000,2553,2,29557.2267472328,0.0050109226684235605,-0.0015006964991192884,crowding,0.0028243130306246575,1777,-1,0
2000,2554,2,9951.480944167308,0.0016871035254409183,-0.0015006964991192884,crowding,0.0028243130306246575,1777,-1,0
2000,2555,1,7520.066118327275,0.0012748986940697344,-0.0015006964991192884,crowding,0.0028243130306246575,1777,-1,0
2000,2556,1,11833.51303509439,0.0015626582379933444,-0.0012912262270597557,extinct,0.0021827107497403918,350,-1,0
2000,2557,1,11347.21281394433,0.0019237260112078438,-0.0015006964991192884,crowding,0.0028243130306246575,1777,-1,0
2000,2558,3,43285.20004931883,0.007338265933717439,-0.0015006964991192884,crowding,0.0028243130306246575,1777,-1,0
2000,2559,1,14611.752751179689,0.0018184984387728778,0.0003524754111299662,extinct,0.0021827107497403918,350,-1,0
2000,2560,1,16981.144637386165,0.001810341732148456,0.00013243429160519687,extinct,0.001831127155068824,1,-1,0
2000,2561,3,48984.84529171107,0.008304543378868807,-0.0015006964991192884,crowding,0.0028243130306246575,1777,-1,0
2000,2562,2,20670.152597015283,0.0035042711244164695,-0.0015006964991192884,crowding,0.0028243130306246575,1777,-1,0
2000,2563,1,10701.786732439408,0.0018143050492798918,-0.0015006964991192884,crowding,0.0028243130306246575,1777,-1,0
2000,2564,1,8714.573336929912,0.00147740697911552,-0.0015006964991192884,crowding,0.0028243130306246575,1777,-1,0
2000,2565,1,11218.335105387387,0.0019018769982139935,-0.0015006964991192884,crowding,0.0028243130306246575,1777,-1,0
2000,2566,1,11763.335830288317,0.0015533910840311751,-0.0012912262270597557,extinct,0.0021827107497403918,350,-1,0
2000,2567,1,15435.247880132147,0.002616782493050775,-0.0015006964991192884,crowding,0.0028243130306246575,1777,-1,0
2000,2568,1,9761.842664391026,0.001359836400067007,-0.00021505888850063546,extinct,0.0021827107497403918,350,-1,0
2000,2569,2,12068.80705693336,0.0020460599832181304,-0.0015006964991192884,crowding,0.0028243130306246575,1777,-1,0
2000,2570,1,17251.172315886146,0.0018391290951715253,0.00013243429160519687,extinct,0.001831127155068824,1,-1,0
2000,2571,2,40000.0,0.006781316408709004,-0.0015006964991192884,crowding,0.0028243130306246575,1777,-1,0
2000,2572,3,18830.478137325932,0.0031923857594121125,-0.0015006964991192884,crowding,0.0028243130306246575,1777,-1,0
2000,2573,1,11601.99718828264,0.0017084019895802266,-0.0003144033021134089,extinct,0.002349862434340705,1165,-1,0
2000,2574,2,30886.66858205459,0.005236306811646091,-0.0015006964991192884,crowding,0.0028243130306246575,1777,-1,0
2000,2575,1,9495.48757078502,0.0016097976418114216,-0.0015006964991192884,crowding,0.0028243130306246575,1777,-1,0
2000,2576,1,8767.92219935296,0.0014864513670189044,-0.0015006964991192884,crowding,0.0028243130306246575,1777,-1,0
2000,2577,3,8489.234599944439,0.001333813601084572,-0.000966627963955282,extinct,0.002349862434340705,1165,-1,0
2000,2578,2,33001.895758183215,0.005594907430586798,-0.0015006964991192884,crowding,0.0028243130306246575,1777,-1,0
2000,2579,1,20000.0,0.003390658204354502,-0.0015006964991192884,crowding,0.0028243130306246575,1777,-1,0
2000,2580,1,13304.890646996779,0.002255616831513955,-0.0015006964991192884,crowding,0.0028243130306246575,1777,-1,0
2000,2581,1,10106.465812776489,0.0017133785612559447,-0.0015006964991192884,crowding,0.0028243130306246575,1777,-1,0
2000,2582,1,7182.981224852327,0.0011285773695199632,-0.000966627963955282,extinct,0.002349862434340705,1165,-1,0
2000,2583,2,34026.696388798126,0.005768644863887904,-0.0015006964991192884,crowding,0.0028243130306246575,1777,-1,0
2000,2584,2,29318.2223756264,0.004970403561750369,-0.0015006964991192884,crowding,0.0028243130306246575,1777,-1,0
2000,2585,1,8306.858328949473,0.0013051589623295347,-0.000966627963955282,extinct,0.002349862434340705,1165,-1,0
2000,2586,1,16337.106915852733,0.0027696772799826372,-0.0015006964991192884,crowding,0.0028243130306246575,1777,-1,0
2000,2587,2,14376.028833666402,0.0024372100055453936,-0.0015006964991192884,crowding,0.0028243130306246575,1777,-1,0
2000,2588,1,10579.027464119956,0.0017934933132654966,-0.0015006964991192884,crowding,0.0028243130306246575,1777,-1,0
2000,2589,2,8989.616153298148,0.0013237271025515922,-0.0003144033021134089,extinct,0.002349862434340705,1165,-1,0
2000,2590,2,18680.631821285282,0.003166981877368336,-0.0015006964991192884,crowding,0.0028243130306246575,1777,-1,0
2000,2591,2,9936.922297125526,0.0014898778435655108,0.0003923658633893332,extinct,0.002349862434340705,1165,-1,0
2000,2592,1,20000.0,0.003390658204354502,-0.0015006964991192884,crowding,0.0028243130306246575,1777,-1,0
2000,2593,1,17084.481919247766,0.0018213584096360839,0.00013243429160519687,extinct,0.001831127155068824,1,-1,0
2000,2594,1,7109.358483227774,0.0012052702334426765,-0.0015006964991192884,crowding,0.0028243130306246575,1777,-1,0
2000,2595,1,13871.769060728371,0.0017264041357335337,0.0003524754111299662,extinct,0.0021827107497403918,350,-1,0
2000,2596,1,8504.228346317703,0.001441746580707312,-0.0015006964991192884,crowding,0.0028243130306246575,1777,-1,0
2000,2597,1,14411.946631998368,0.0017936316673474468,0.0003524754111299662,extinct,0.0021827107497403918,350,-1,0
2000,2598,2,29242.618532277844,0.004957586222163844,-0.0015006964991192884,crowding,0.0028243130306246575,1777,-1,0
2000,2599,1,20000.0,0.003390658204354502,-0.0015006964991192884,crowding,0.0028243130306246575,1777,-1,0
2000,2600,1,13948.825904068444,0.0023647850496371138,-0.0015006964991192884,crowding,0.0028243130306246575,1777,-1,0
2000,2601,2,10760.194951370682,0.0018242071646159448,-0.0015006964991192884,crowding,0.0028243130306246575,1777,-1,0
2000,2602,1,11849.194592221,0.0020088284429553567,-0.0015006964991192884,crowding,0.0028243130306246575,1777,-1,0
2000,2603,1,11767.677073216031,0.0015539643608766904,-0.0012912262270597557,extinct,0.0021827107497403918,350,-1,0
2000,2604,1,11033.609528932986,0.001870559933646032,-0.0015006964991192884,crowding,0.0028243130306246575,1777,-1,0
2000,2605,2,39169.57367144947,0.006640531816508412,-0.0015006964991192884,crowding,0.0028243130306246575,1777,-1,0
2000,2606,1,12968.002193889888,0.0016139262787407955,0.0003524754111299662,extinct,0.0021827107497403918,350,-1,0
2000,2607,1,17107.675621621893,0.001823831065527517,0.00013243429160519687,extinct,0.001831127155068824,1,-1,0
2000,2608,1,14025.441837450186,0.001745529404913027,0.0003524754111299662,extinct,0.0021827107497403918,350,-1,0
2000,2609,1,20000.0,0.003390658204354502,-0.0015006964991192884,crowding,0.0028243130306246575,1777,-1,0
2000,2610,1,17165.38702036151,0.002910098016575452,-0.0015006964991192884,crowding,0.0028243130306246575,1777,-1,0
2000,2611,1,16595.322336801015,0.0028134532917590944,-0.0015006964991192884,crowding,0.0028243130306246575,1777,-1,0
2000,2612,1,7712.636919356296,0.0012117959401583471,-0.000966627963955282,extinct,0.002349862434340705,1165,-1,0
2000,2613,1,5769.42984547907,0.0009781082320010667,-0.0015006964991192884,crowding,0.0028243130306246575,1777,-1,0
2000,2614,1,18215.69675489229,0.0030881600825004613,-0.0015006964991192884,crowding,0.0028243130306246575,1777,-1,0
2000,2615,1,10118.905410115945,0.0014095756691207668,-0.00021505888850063546,extinct,0.0021827107497403918,350,-1,0
2000,2616,2,20446.235350948868,0.0034663097820428913,-0.0015006964991192884,crowding,0.0028243130306246575,1777,-1,0
2000,2617,2,33459.29273787286,0.0056724512716783805,-0.0015006964991192884,crowding,0.0028243130306246575,1777,-1,0
2000,2618,1,12551.848913428834,0.002127951474906781,-0.0015006964991192884,crowding,0.0028243130306246575,1777,-1,0
2000,2619,1,16153.219420879532,0.0027385022978071833,-0.0015006964991192884,crowding,0.0028243130306246575,1777,-1,0
2000,2620,2,31666.55587467138,0.005368523374005238,-0.0015006964991192884,crowding,0.0028243130306246575,1777,-1,0
2000,2621,1,14425.507515961162,0.0017953193804325681,0.0003524754111299662,extinct,0.0021827107497403918,350,-1,0
2000,2622,1,12167.810758191512,0.002062844368814751,-0.0015006964991192884,crowding,0.0028243130306246575,1777,-1,0
2000,2623,1,15730.520682476244,0.0018533135607332707,-9.147393838731825e-05,extinct,0.0021827107497403918,350,-1,0
2000,2624,2,13482.551005674566,0.001878135537889254,-0.00021505888850063546,extinct,0.0021827107497403918,350,-1,0
2000,2625,1,7951.46721328823,0.001249320535650092,-0.000966627963955282,extinct,0.002349862434340705,1165,-1,0
2000,2626,2,14136.698615909554,0.0017593758120742025,0.0003524754111299662,extinct,0.0021827107497403918,350,-1,0
2000,2627,1,17081.653030402216,0.001821056824811146,0.00013243429160519687,extinct,0.001831127155068824,1,-1,0
2000,2628,1,6162.559607420399,0.0009682505207154396,-0.000966627963955282,extinct,0.002349862434340705,1165,-1,0
2000,2629,1,14317.238820810837,0.002427243163574252,-0.0015006964991192884,crowding,0.0028243130306246575,1777,-1,0
2000,2630,1,8001.682945628881,0.001356548596412003,-0.0015006964991192884,crowding,0.0028243130306246575,1777,-1,0
2000,2631,1,12652.225327817781,0.0017624701743428107,-0.00021505888850063546,extinct,0.0021827107497403918,350,-1,0
2000,2632,2,8341.10637570609,0.0012506115282377092,0.0003923658633893332,extinct,0.002349862434340705,1165,-1,0
2000,2633,1,9317.862673753078,0.0013970600485651995,0.0003923658633893332,extinct,0.002349862434340705,1165,-1,0
2000,2634,3,39020.39856393602,0.006615241726399614,-0.0015006964991192884,crowding,0.0028243130306246575,1777,-1,0
2000,2635,2,19002.727504709295,0.003221587695947776,-0.0015006964991192884,crowding,0.0028243130306246575,1777,-1,0
2000,2636,1,9204.010716734294,0.0012821297402054472,-0.00021505888850063546,extinct,0.0021827107497403918,350,-1,0
2000,2637,1,12075.176070013684,0.0015945707166643156,-0.0012912262270597557,extinct,0.0021827107497403918,350,-1,0
2000,2638,2,9268.4002409924,0.001456234735439176,-0.000966627963955282,extinct,0.002349862434340705,1165,-1,0
2000,2639,1,17190.93954421343,0.0018327077435765322,0.00013243429160519687,extinct,0.001831127155068824,1,-1,0
2000,2640,1,12987.149631317765,0.0017150001271172854,-0.0012912262270597557,extinct,0.0021827107497403918,350,-1,0
2000,2641,1,9528.401469789042,0.0016153776308961854,-0.0015006964991192884,crowding,0.0028243130306246575,1777,-1,0
2000,2642,1,9377.901124347856,0.0015898628693447683,-0.0015006964991192884,crowding,0.0028243130306246575,1777,-1,0
2000,2643,2,23726.986835516993,0.004022505128922848,-0.0015006964991192884,crowding,0.0028243130306246575,1777,-1,0
2000,2644,1,17083.811683967448,0.0018212869565671517,0.00013243429160519687,extinct,0.001831127155068824,1,-1,0
2000,2645,1,8699.75307334742,0.0014748944567001862,-0.0015006964991192884,crowding,0.0028243130306246575,1777,-1,0
2000,2646,1,15809.223579643938,0.0026801836817397185,-0.0015006964991192884,crowding,0.0028243130306246575,1777,-1,0
2000,2647,1,11827.990772070953,0.0020052336976175856,-0.0015006964991192884,crowding,0.0028243130306246575,1777,-1,0
2000,2648,1,16768.707955509286,0.0028428478602886085,-0.0015006964991192884,crowding,0.0028243130306246575,1777,-1,0
2000,2649,1,14425.154949133715,0.0017952755019029903,0.0003524754111299662,extinct,0.0021827107497403918,350,-1,0
2000,2650,1,14749.235166162287,0.0018356087445152464,0.0003524754111299662,extinct,0.0021827107497403918,350,-1,0
2000,2651,1,12482.55775934349,0.0021162043439023476,-0.0015006964991192884,crowding,0.0028243130306246575,1777,-1,0
2000,2652,1,10926.200763493784,0.001522032880824519,-0.00021505888850063546,extinct,0.0021827107497403918,350,-1,0
2000,2653,1,11367.785815458492,0.0015835462085876796,-0.00021505888850063546,extinct,0.0021827107497403918,350,-1,0
2000,2654,5,99132.1823043876,0.0168061673622969,-0.0015006964991192884,crowding,0.0028243130306246575,1777,-1,0
2000,2655,1,11693.46648645572,0.0017218709060476617,-0.0003144033021134089,extinct,0.002349862434340705,1165,-1,0
2000,2656,1,10396.45129469663,0.0016981454409657768,-0.0020442951593689076,extinct,0.0028243130306246575,1777,-1,0
2000,2657,1,13488.237701344038,0.0022867001912172938,-0.0015006964991192884,crowding,0.0028243130306246575,1777,-1,0
2000,2658,1,13048.867242949756,0.0016239902982989414,0.0003524754111299662,extinct,0.0021827107497403918,350,-1,0
2000,2659,1,16984.92542988867,0.002879503837960072,-0.0015006964991192884,crowding,0.0028243130306246575,1777,-1,0
2000,2660,1,17097.97331500677,0.0018227967129595052,0.00013243429160519687,extinct,0.001831127155068824,1,-1,0
2000,2661,1,10420.213107313739,0.0017665690531717825,-0.0015006964991192884,crowding,0.0028243130306246575,1777,-1,0
2000,2662,1,9216.547206247946,0.0014480876778705093,-0.000966627963955282,extinct,0.002349862434340705,1165,-1,0
2000,2663,1,8772.91632592389,0.0013783851746505817,-0.000966627963955282,extinct,0.002349862434340705,1165,-1,0
2000,2664,1,20000.0,0.003390658204354502,-0.0015006964991192884,crowding,0.0028243130306246575,1777,-1,0
2000,2665,1,11888.1823661226,0.0015698775210788883,-0.0012912262270597557,extinct,0.0021827107497403918,350,-1,0
2000,2666,4,12541.982451668602,0.002126278784931017,-0.0015006964991192884,crowding,0.0028243130306246575,1777,-1,0
2000,2667,1,15550.665577270633,0.0018321236769288523,-9.147393838731825e-05,extinct,0.0021827107497403918,350,-1,0
2000,2668,1,13848.599155505,0.0017235205366751105,0.0003524754111299662,extinct,0.0021827107497403918,350,-1,0
2000,2669,3,14810.886312706672,0.002510932659497034,-0.0015006964991192884,crowding,0.0028243130306246575,1777,-1,0
2000,2670,3,48179.410048514066,0.008167995598097697,-0.0015006964991192884,crowding,0.0028243130306246575,1777,-1,0
2000,2671,3,50745.38525767335,0.008603012842853006,-0.0015006964991192884,crowding,0.0028243130306246575,1777,-1,0
2000,2672,1,20000.0,0.003390658204354502,-0.0015006964991192884,crowding,0.0028243130306246575,1777,-1,0
2000,2673,1,10181.287966243872,0.0017260633786820273,-0.0015006964991192884,crowding,0.0028243130306246575,1777,-1,0
2000,2674,1,18421.387843764278,0.003123031491402782,-0.0015006964991192884,crowding,0.0028243130306246575,1777,-1,0
2000,2675,1,12283.223788000201,0.0020824106756352633,-0.0015006964991192884,crowding,0.0028243130306246575,1777,-1,0
2000,2676,1,20000.0,0.003390658204354502,-0.0015006964991192884,crowding,0.0028243130306246575,1777,-1,0
2000,2677,1,11461.267353677948,0.0015965682990654103,-0.00021505888850063546,extinct,0.0021827107497403918,350,-1,0
2000,2678,1,7711.384466445054,0.0012115991569609853,-0.000966627963955282,extinct,0.002349862434340705,1165,-1,0
2000,2679,3,16626.989993687206,0.0028188220017907866,-0.0015006964991192884,crowding,0.0028243130306246575,1777,-1,0
2000,2680,1,15915.745343268929,0.0026982426263285875,-0.0015006964991192884,crowding,0.0028243130306246575,1777,-1,0
2000,2681,1,15321.550937309894,0.0018051302113104648,-9.147393838731825e-05,extinct,0.0021827107497403918,350,-1,0
2000,2682,1,6318.155820775978,0.0009926975239414179,-0.000966627963955282,extinct,0.002349862434340705,1165,-1,0
2000,2683,1,9835.338465602525,0.0013700744533911044,-0.00021505888850063546,extinct,0.0021827107497403918,350,-1,0
2000,2684,1,13708.296431178922,0.0017060592307327445,0.0003524754111299662,extinct,0.0021827107497403918,350,-1,0
2000,2685,2,39654.08921016884,0.0067226731458332155,-0.0015006964991192884,crowding,0.0028243130306246575,1777,-1,0
2000,2686,1,7249.363074677256,0.0012290056192749508,-0.0015006964991192884,crowding,0.0028243130306246575,1777,-1,0
2000,2687,1,9238.937890932972,0.0015090784166763708,-0.0020442951593689076,extinct,0.0028243130306246575,1777,-1,0
2000,2688,1,13206.74400075811,0.0016436387718586816,0.0003524754111299662,extinct,0.0021827107497403918,350,-1,0
2000,2689,1,6864.648505296479,0.001121264480799158,-0.0020442951593689076,extinct,0.0028243130306246575,1777,-1,0
2000,2690,1,5534.527902302289,0.0009040039777791085,-0.0020442951593689076,extinct,0.0028243130306246575,1777,-1,0
2000,2691,4,80000.0,0.013562632817418008,-0.0015006964991192884,crowding,0.0028243130306246575,1777,-1,0
2000,2692,1,13034.71850061931,0.002209813761278814,-0.0015006964991192884,crowding,0.0028243130306246575,1777,-1,0
2000,2693,1,11812.160987237203,0.0020025500281265997,-0.0015006964991192884,crowding,0.0028243130306246575,1777,-1,0
2000,2694,1,15946.861388889996,0.001878802047289337,-9.147393838731825e-05,extinct,0.0021827107497403918,350,-1,0
2000,2695,2,33780.400911822224,0.005726889674902716,-0.0015006964991192884,crowding,0.0028243130306246575,1777,-1,0
2000,2696,6,31821.581050268745,0.005394805243181274,-0.0015006964991192884,crowding,0.0028243130306246575,1777,-1,0
2000,2697,4,62080.911220714865,0.010524757548216015,-0.0015006964991192884,crowding,0.0028243130306246575,1777,-1,0
2000,2698,1,12849.070374828387,0.0016967662613997072,-0.0012912262270597557,extinct,0.0021827107497403918,350,-1,0
2000,2699,1,9193.17150414535,0.0013783646612680117,0.0003923658633893332,extinct,0.002349862434340705,1165,-1,0
2000,2700,1,17087.445790133515,0.00182167438475247,0.00013243429160519687,extinct,0.001831127155068824,1,-1,0
2000,2701,1,9352.040187486044,0.0015854785894576285,-0.0015006964991192884,crowding,0.0028243130306246575,1777,-1,0
2000,2702,1,6360.065069672424,0.0010782403404356645,-0.0015006964991192884,crowding,0.0028243130306246575,1777,-1,0
2000,2703,1,12117.921020927854,0.0016002153421851184,-0.0012912262270597557,extinct,0.0021827107497403918,350,-1,0
2000,2704,2,11042.64123134479,0.0018720911044401258,-0.0015006964991192884,crowding,0.0028243130306246575,1777,-1,0
2000,2705,1,7816.90998915375,0.0013252234993712411,-0.0015006964991192884,crowding,0.0028243130306246575,1777,-1,0
2000,2706,2,11616.708295212675,0.0016182214087934184,-0.00021505888850063546,extinct,0.0021827107497403918,350,-1,0
2000,2707,2,7202.1008811027705,0.001131581416263479,-0.000966627963955282,extinct,0.002349862434340705,1165,-1,0
2000,2708,1,10761.371684481732,0.0018244066596048106,-0.0015006964991192884,crowding,0.0028243130306246575,1777,-1,0
2000,2709,2,6068.645019329695,0.0010288350512052658,-0.0015006964991192884,crowding,0.0028243130306246575,1777,-1,0
2000,2710,3,47951.32303477799,0.00812932734287615,-0.0015006964991192884,crowding,0.0028243130306246575,1777,-1,0
2000,2711,1,14199.922161252482,0.002407354128862302,-0.0015006964991192884,crowding,0.0028243130306246575,1777,-1,0
2000,2712,1,7360.646458932839,0.001247871815266677,-0.0015006964991192884,crowding,0.0028243130306246575,1777,-1,0
2000,2713,1,14603.48571574559,0.002475771432713328,-0.0015006964991192884,crowding,0.0028243130306246575,1777,-1,0
2000,2714,1,15763.918008307592,0.0018572483139499532,-9.147393838731825e-05,extinct,0.0021827107497403918,350,-1,0
2000,2715,2,13391.084265605352,0.0022702294865188633,-0.0015006964991192884,crowding,0.0028243130306246575,1777,-1,0
2000,2716,1,15715.952472602026,0.001955921067234604,0.0003524754111299662,extinct,0.0021827107497403918,350,-1,0
2000,2717,1,6910.0884808395285,0.0011286865987044654,-0.0020442951593689076,extinct,0.0028243130306246575,1777,-1,0
2000,2718,1,6898.464260822804,0.001034311102523316,0.0003923658633893332,extinct,0.002349862434340705,1165,-1,0
2000,2719,1,9524.738631467868,0.00161475665925594,-0.0015006964991192884,crowding,0.0028243130306246575,1777,-1,0
2000,2720,3,60000.0,0.010171974613063507,-0.0015006964991192884,crowding,0.0028243130306246575,1777,-1,0
2000,2721,1,10990.0154406644,0.0015309223419496887,-0.00021505888850063546,extinct,0.0021827107497403918,350,-1,0
2000,2722,1,20000.0,0.003390658204354502,-0.0015006964991192884,crowding,0.0028243130306246575,1777,-1,0
2000,2723,4,9521.675545272905,0.0016142373653390601,-0.0015006964991192884,crowding,0.0028243130306246575,1777,-1,0
2000,2724,2,9777.130568222443,0.001657545398809431,-0.0015006964991192884,crowding,0.0028243130306246575,1777,-1,0
2000,2725,1,17094.96611545074,0.001822476118619758,0.00013243429160519687,extinct,0.001831127155068824,1,-1,0
2000,2726,1,10512.988240859428,0.0015480446802087463,-0.0003144033021134089,extinct,0.002349862434340705,1165,-1,0
2000,2727,1,11928.269509993825,0.0020222342438906108,-0.0015006964991192884,crowding,0.0028243130306246575,1777,-1,0
2000,2728,2,9886.718120934864,0.0016761240955444061,-0.0015006964991192884,crowding,0.0028243130306246575,1777,-1,0
2000,2729,1,14738.33287226559,0.0024986324635927486,-0.0015006964991192884,crowding,0.0028243130306246575,1777,-1,0
2000,2730,1,14688.497488898545,0.0017305461231997192,-9.147393838731825e-05,extinct,0.0021827107497403918,350,-1,0
2000,2731,5,88007.56247971482,0.014920178188354324,-0.0015006964991192884,crowding,0.0028243130306246575,1777,-1,0
2000,2732,2,17102.03772345803,0.002899358225911158,-0.0015006964991192884,crowding,0.0028243130306246575,1777,-1,0
2000,2733,1,17185.443504524967,0.0018321218166427458,0.00013243429160519687,extinct,0.001831127155068824,1,-1,0
2000,2734,3,28328.75314226204,0.00462718880059746,-0.0020442951593689076,extinct,0.0028243130306246575,1777,-1,0
2000,2735,3,53589.9229249405,0.009085255591808747,-0.0015006964991192884,crowding,0.0028243130306246575,1777,-1,0
2000,2736,1,8835.873629533222,0.0014979713707308205,-0.0015006964991192884,crowding,0.0028243130306246575,1777,-1,0
2000,2737,1,13542.24479064824,0.0022958561702394235,-0.0015006964991192884,crowding,0.0028243130306246575,1777,-1,0
2000,2738,1,9291.581940062873,0.0015752289268253152,-0.0015006964991192884,crowding,0.0028243130306246575,1777,-1,0
2000,2739,2,24129.079275184366,0.0031863322745104465,-0.0012912262270597557,extinct,0.0021827107497403918,350,-1,0
2000,2740,1,8511.586956625073,0.0014429941073278785,-0.0015006964991192884,crowding,0.0028243130306246575,1777,-1,0
2000,2741,1,16469.67951692531,0.0027921526988576046,-0.0015006964991192884,crowding,0.0028243130306246575,1777,-1,0
2000,2742,2,15684.58442740378,0.00256190355572822,-0.0020442951593689076,extinct,0.0028243130306246575,1777,-1,0
2000,2743,2,31622.889881522642,0.005361120551109186,-0.0015006964991192884,crowding,0.0028243130306246575,1777,-1,0
2000,2744,7,40372.004207006736,0.006844383364536093,-0.0015006964991192884,crowding,0.0028243130306246575,1777,-1,0
2000,2745,1,17800.290382050767,0.003017735031189648,-0.0015006964991192884,crowding,0.0028243130306246575,1777,-1,0
2000,2746,2,31493.29011660394,0.0053391491257989854,-0.0015006964991192884,crowding,0.0028243130306246575,1777,-1,0
2000,2747,1,17254.924329385383,0.0018395290933319731,0.00013243429160519687,extinct,0.001831127155068824,1,-1,0
2000,2748,1,13917.612116506123,0.0023594932853927557,-0.0015006964991192884,crowding,0.0028243130306246575,1777,-1,0
2000,2749,3,16766.481770601305,0.002842470448682476,-0.0015006964991192884,crowding,0.0028243130306246575,1777,-1,0
2000,2750,3,60000.0,0.010171974613063507,-0.0015006964991192884,crowding,0.0028243130306246575,1777,-1,0
